policy,condition,track_seed,noise_std,delay_steps,dropout_prob,dead_sensor_index,steps,success,final_y,mean_lateral_error,max_lateral_error,mean_abs_steering,mean_activity
ANN,noise_0.00,1000,0.0,0,0.0,-1,31,0,4.7738691516943925,0.7784538654633582,1.8591945492697097,0.1843618521647107,0.1843618521647107
SNN,noise_0.00,1000,0.0,0,0.0,-1,23,0,3.5235336952992875,0.8715813422995148,1.819862168882702,0.2613519643959792,335.7826086956522
ANN,noise_0.00,1001,0.0,0,0.0,-1,32,0,4.928130847386587,0.7595373401684979,1.803988044585556,0.2182989502325654,0.2182989502325654
SNN,noise_0.00,1001,0.0,0,0.0,-1,28,0,4.388657094458665,0.8581819422859276,1.812513237377885,0.2171312945761851,350.10714285714283
ANN,noise_0.00,1002,0.0,0,0.0,-1,31,0,4.647925115619795,0.7927658790471745,1.8996391821003173,0.1795987209845935,0.1795987209845935
SNN,noise_0.00,1002,0.0,0,0.0,-1,24,0,3.550556905809319,0.872742853097053,1.8534649289487393,0.24487080549200377,341.1666666666667
ANN,noise_0.00,1003,0.0,0,0.0,-1,31,0,4.889144080455298,0.787717736120663,1.8693486054428223,0.1799864122463811,0.1799864122463811
SNN,noise_0.00,1003,0.0,0,0.0,-1,26,0,4.102438572260553,0.8197647016640452,1.8366163724326348,0.24077249977451104,354.53846153846155
ANN,noise_0.00,1004,0.0,0,0.0,-1,31,0,4.670578228231285,0.7779675416355726,1.8594709584691205,0.1847057483128963,0.1847057483128963
SNN,noise_0.00,1004,0.0,0,0.0,-1,26,0,3.9111003057919653,0.8283803968836475,1.815613026280802,0.22943238627452117,354.5769230769231
ANN,noise_0.00,1005,0.0,0,0.0,-1,31,0,4.839227663864254,0.7893406321569266,1.8873709487727048,0.17789097677075094,0.17789097677075094
SNN,noise_0.00,1005,0.0,0,0.0,-1,29,0,4.552188143424973,0.791988948553526,1.8315046542181774,0.19660155153993902,367.48275862068965
ANN,noise_0.00,1006,0.0,0,0.0,-1,31,0,4.9376860427983775,0.7871227571644103,1.8590340867109136,0.18015530290863208,0.18015530290863208
SNN,noise_0.00,1006,0.0,0,0.0,-1,26,0,4.168031874070062,0.8892429009516367,1.894477815706652,0.21062046461380446,339.7692307692308
ANN,noise_0.00,1007,0.0,0,0.0,-1,31,0,4.87378484835724,0.7799133524866029,1.8537487560775063,0.18422634100481386,0.18422634100481386
SNN,noise_0.00,1007,0.0,0,0.0,-1,27,0,4.262776062357945,0.8097173167570716,1.817068555885515,0.21107085973576264,359.6666666666667
ANN,noise_0.00,1008,0.0,0,0.0,-1,31,0,4.843851481712687,0.7893323651018231,1.8739015448938894,0.1821003686035833,0.1821003686035833
SNN,noise_0.00,1008,0.0,0,0.0,-1,26,0,4.088870937918898,0.8607106408178443,1.8505052581144024,0.20914489976488626,345.2692307692308
ANN,noise_0.00,1009,0.0,0,0.0,-1,31,0,4.895777672176535,0.7686074041551357,1.8171323911767514,0.19402193933004333,0.19402193933004333
SNN,noise_0.00,1009,0.0,0,0.0,-1,26,0,4.1486383458252245,0.8505720592915489,1.817770425577908,0.2174181302006428,348.53846153846155
ANN,noise_0.00,1010,0.0,0,0.0,-1,31,0,4.944491820188254,0.7918545159962362,1.854458002364668,0.1846374488405643,0.1846374488405643
SNN,noise_0.00,1010,0.0,0,0.0,-1,30,0,4.788554037449683,0.8142900309691615,1.8775792541485348,0.18977647914240758,368.5
ANN,noise_0.00,1011,0.0,0,0.0,-1,31,0,4.802795201997454,0.7687364184682537,1.831026499254861,0.18809898444000753,0.18809898444000753
SNN,noise_0.00,1011,0.0,0,0.0,-1,25,0,3.856217702615373,0.8655708317460514,1.8584814630494515,0.237320636510849,346.28
ANN,noise_0.00,1012,0.0,0,0.0,-1,32,0,4.91090534864978,0.7821423491831891,1.8628884001989883,0.20377968961838633,0.20377968961838633
SNN,noise_0.00,1012,0.0,0,0.0,-1,27,0,4.180664882443595,0.835305789387783,1.832173637814055,0.2395048642324077,356.9259259259259
ANN,noise_0.00,1013,0.0,0,0.0,-1,31,0,4.950049012673575,0.7759411114512715,1.814557400001317,0.19685632182705787,0.19685632182705787
SNN,noise_0.00,1013,0.0,0,0.0,-1,28,0,4.48412519157285,0.8445543276872709,1.8827923016405312,0.21259118476882577,357.75
ANN,noise_0.00,1014,0.0,0,0.0,-1,32,0,4.568075044558726,0.7660577880126856,1.823788531089352,0.20043051382526755,0.20043051382526755
SNN,noise_0.00,1014,0.0,0,0.0,-1,27,0,3.813586374093712,0.8793162664562744,1.8779510980894156,0.2244848355099007,348.6666666666667
ANN,noise_0.00,1015,0.0,0,0.0,-1,31,0,4.856311366377293,0.7771322990546088,1.848736691227659,0.18521350580117396,0.18521350580117396
SNN,noise_0.00,1015,0.0,0,0.0,-1,26,0,4.083780980334705,0.8669158449275787,1.865706651784528,0.21598516705517584,347.7307692307692
ANN,noise_0.00,1016,0.0,0,0.0,-1,31,0,4.529738118334115,0.7631300262140193,1.8148426328441951,0.19169448358156987,0.19169448358156987
SNN,noise_0.00,1016,0.0,0,0.0,-1,25,0,3.556554746811894,0.8426804584512954,1.8536327812010636,0.2516110330820084,354.0
ANN,noise_0.00,1017,0.0,0,0.0,-1,32,0,5.044522880259203,0.7865774753370807,1.8496668170297195,0.20709938643267378,0.20709938643267378
SNN,noise_0.00,1017,0.0,0,0.0,-1,32,0,5.075004889635841,0.7905904424328347,1.8189630707842779,0.2130917008034885,371.84375
ANN,noise_0.04,1000,0.04,0,0.0,-1,266,1,40.14592769639849,0.4181143030434969,0.5687820364983943,0.339300285866379,0.339300285866379
SNN,noise_0.04,1000,0.04,0,0.0,-1,31,0,4.841199876367056,0.800857292142675,1.8058876521170089,0.19445803839593165,349.5483870967742
ANN,noise_0.04,1001,0.04,0,0.0,-1,268,1,40.036092809667714,0.4211560423197558,0.6149130265947202,0.3551276411503682,0.3551276411503682
SNN,noise_0.04,1001,0.04,0,0.0,-1,39,0,6.050915518100986,0.8435856705488914,1.851593000814445,0.25149105525074095,344.2564102564103
ANN,noise_0.04,1002,0.04,0,0.0,-1,265,1,40.025530592948655,0.4191504924760547,0.5616107836087713,0.3586619018717616,0.3586619018717616
SNN,noise_0.04,1002,0.04,0,0.0,-1,29,0,4.404307563579095,0.8924614989159896,1.889420882744333,0.27540473126131915,317.41379310344826
ANN,noise_0.04,1003,0.04,0,0.0,-1,266,1,40.02680269351313,0.3622794675844485,0.4998930527372263,0.31736311033242065,0.31736311033242065
SNN,noise_0.04,1003,0.04,0,0.0,-1,29,0,4.6038580058280765,0.8431077564276327,1.8753476975708747,0.2622469531468533,339.51724137931035
ANN,noise_0.04,1004,0.04,0,0.0,-1,265,1,40.07639097307268,0.4032813216459135,0.5934492304221162,0.3699727570084539,0.3699727570084539
SNN,noise_0.04,1004,0.04,0,0.0,-1,32,0,4.873401758445066,0.8299013782795884,1.8756599318194933,0.1908115385158453,345.375
ANN,noise_0.04,1005,0.04,0,0.0,-1,267,1,40.03452031566209,0.41127101838492913,0.5550429366551408,0.3456461854237184,0.3456461854237184
SNN,noise_0.04,1005,0.04,0,0.0,-1,30,0,4.778951439081226,0.8920137674987847,1.849182459315692,0.22589920420820514,320.7
ANN,noise_0.04,1006,0.04,0,0.0,-1,267,1,40.12681046327081,0.42370413354472775,0.5948682260351483,0.3636300572140094,0.3636300572140094
SNN,noise_0.04,1006,0.04,0,0.0,-1,26,0,4.2105795835438835,0.8620510878590859,1.8058069924647147,0.274885634246927,320.88461538461536
ANN,noise_0.04,1007,0.04,0,0.0,-1,266,1,40.12009285789638,0.4341072801785714,0.6356590396615256,0.38561511016976,0.38561511016976
SNN,noise_0.04,1007,0.04,0,0.0,-1,39,0,6.2067415843862825,0.8416850274594003,1.8575359265537896,0.2697232081196629,339.87179487179486
ANN,noise_0.04,1008,0.04,0,0.0,-1,268,1,40.145643218766196,0.4328694374335188,0.6086682270979094,0.3715347213644114,0.3715347213644114
SNN,noise_0.04,1008,0.04,0,0.0,-1,29,0,4.630440693947894,0.9102593598829167,1.8350323113648055,0.23435278872734513,313.1034482758621
ANN,noise_0.04,1009,0.04,0,0.0,-1,265,1,40.01703554299539,0.4076417322094308,0.6073518085386795,0.32764345878023515,0.32764345878023515
SNN,noise_0.04,1009,0.04,0,0.0,-1,31,0,4.913406487207951,0.7723246342416216,1.8021914074103087,0.29654986270132566,359.0
ANN,noise_0.04,1010,0.04,0,0.0,-1,267,1,40.13640881724507,0.3888900899861847,0.597595051127435,0.334249921633569,0.334249921633569
SNN,noise_0.04,1010,0.04,0,0.0,-1,31,0,4.974212640959266,0.8083931766496112,1.8289204129701129,0.23225014746534609,348.258064516129
ANN,noise_0.04,1011,0.04,0,0.0,-1,265,1,40.09641200037444,0.4195255693516087,0.567295000990353,0.3574180362983343,0.3574180362983343
SNN,noise_0.04,1011,0.04,0,0.0,-1,34,0,5.285054054421973,0.7915147015684968,1.877932628727285,0.24184968437561216,354.02941176470586
ANN,noise_0.04,1012,0.04,0,0.0,-1,267,1,40.03053814365505,0.4372656777012226,0.6804613050206532,0.3750990010904364,0.3750990010904364
SNN,noise_0.04,1012,0.04,0,0.0,-1,36,0,5.616766501543413,0.8148241269826841,1.8113825364586051,0.2085777243030154,350.25
ANN,noise_0.04,1013,0.04,0,0.0,-1,267,1,40.05211855196122,0.4128831034354043,0.5967809586645304,0.36533013104931156,0.36533013104931156
SNN,noise_0.04,1013,0.04,0,0.0,-1,52,0,8.194705852896993,0.8478804353632458,1.8445489225411524,0.23564174227291146,333.75
ANN,noise_0.04,1014,0.04,0,0.0,-1,269,1,40.13129632887058,0.3767522367997498,0.5207582378369797,0.34132903913333734,0.34132903913333734
SNN,noise_0.04,1014,0.04,0,0.0,-1,36,0,5.2298596556054315,0.7874901225071047,1.8102386036973481,0.22643706360314456,353.72222222222223
ANN,noise_0.04,1015,0.04,0,0.0,-1,265,1,40.069341334742866,0.42337607305951985,0.5215220366670242,0.38065269294717646,0.38065269294717646
SNN,noise_0.04,1015,0.04,0,0.0,-1,36,0,5.725629375166214,0.8214246227528007,1.8046271228333253,0.2420783575831188,340.3333333333333
ANN,noise_0.04,1016,0.04,0,0.0,-1,266,1,40.112720968097136,0.4113126192108901,0.5945828592053215,0.33107160799305085,0.33107160799305085
SNN,noise_0.04,1016,0.04,0,0.0,-1,28,0,4.114709614754873,0.8542735363469968,1.8150984639701822,0.237902136885428,329.39285714285717
ANN,noise_0.04,1017,0.04,0,0.0,-1,268,1,40.00525692847714,0.4230203581996508,0.7163453370479391,0.3621148561829451,0.3621148561829451
SNN,noise_0.04,1017,0.04,0,0.0,-1,33,0,5.289650320779898,0.8973977061567786,1.8551708698315355,0.24800457332678366,324.45454545454544
ANN,noise_0.08,1000,0.08,0,0.0,-1,266,1,40.04194803105895,0.2996289152529634,0.5558797059113012,0.42869245862899896,0.42869245862899896
SNN,noise_0.08,1000,0.08,0,0.0,-1,106,0,16.19784868123526,0.6701143306711324,1.839031076826378,0.27784829309104747,385.83962264150944
ANN,noise_0.08,1001,0.08,0,0.0,-1,268,1,40.05222065923014,0.3705504331112853,0.6412799140495129,0.47107225706159667,0.47107225706159667
SNN,noise_0.08,1001,0.08,0,0.0,-1,39,0,6.062391535893743,0.8625550917958862,1.8573679763785647,0.2323334499095113,330.4871794871795
ANN,noise_0.08,1002,0.08,0,0.0,-1,266,1,40.08186712470765,0.3589806008196239,0.5790449880719755,0.4229419869799657,0.4229419869799657
SNN,noise_0.08,1002,0.08,0,0.0,-1,44,0,6.824778648870706,0.8093003230787982,1.853453868432612,0.2534860886040736,339.8181818181818
ANN,noise_0.08,1003,0.08,0,0.0,-1,267,1,40.00941446761086,0.2683303411176714,0.47438338887943987,0.4001287042912382,0.4001287042912382
SNN,noise_0.08,1003,0.08,0,0.0,-1,227,0,33.80257781809188,0.6518015999201306,1.8164162122868077,0.27345702397977595,394.23348017621146
ANN,noise_0.08,1004,0.08,0,0.0,-1,265,1,40.001472851212576,0.3442240014778114,0.5677637740993315,0.4459388086378996,0.4459388086378996
SNN,noise_0.08,1004,0.08,0,0.0,-1,64,0,9.91749632618562,0.7616699999368178,1.81495303098569,0.23829743255191715,363.953125
ANN,noise_0.08,1005,0.08,0,0.0,-1,268,1,40.11684499067143,0.3959672229277074,0.5812186823695468,0.49677524350170016,0.49677524350170016
SNN,noise_0.08,1005,0.08,0,0.0,-1,46,0,7.175109144644706,0.644580716889576,1.856612290353595,0.26907946981752856,393.0869565217391
ANN,noise_0.08,1006,0.08,0,0.0,-1,268,1,40.033626033924406,0.40149493847602785,0.5930134759140548,0.4790487806486494,0.4790487806486494
SNN,noise_0.08,1006,0.08,0,0.0,-1,81,0,12.525382283907325,0.7643763748928766,1.8321858036013516,0.2726439297153258,346.77777777777777
ANN,noise_0.08,1007,0.08,0,0.0,-1,267,1,40.11776487056275,0.28699139906430104,0.5635871021194961,0.400116591590495,0.400116591590495
SNN,noise_0.08,1007,0.08,0,0.0,-1,85,0,13.113420220721586,0.6572994088777867,1.8292869557515772,0.2771384121699478,404.2705882352941
ANN,noise_0.08,1008,0.08,0,0.0,-1,267,1,40.02556160936185,0.38165584223039023,0.5780862586135577,0.41672251790662534,0.41672251790662534
SNN,noise_0.08,1008,0.08,0,0.0,-1,39,0,6.167862998203098,0.8196693694178022,1.8438514324762842,0.26280364303443676,341.0769230769231
ANN,noise_0.08,1009,0.08,0,0.0,-1,267,1,40.07608896689696,0.44199169161095897,0.5865094228852752,0.5305252667056041,0.5305252667056041
SNN,noise_0.08,1009,0.08,0,0.0,-1,40,0,6.309194851286598,0.7379830047105745,1.8179416734629037,0.27772949044592676,359.825
ANN,noise_0.08,1010,0.08,0,0.0,-1,267,1,40.0277594190849,0.35531014316966053,0.6759945184662326,0.43237496108734064,0.43237496108734064
SNN,noise_0.08,1010,0.08,0,0.0,-1,167,0,24.84121435185829,0.5790814197093322,1.837680563427182,0.276604981639863,428.36526946107784
ANN,noise_0.08,1011,0.08,0,0.0,-1,265,1,40.02087837872097,0.3401789522719137,0.5667052304398652,0.4251390775691999,0.4251390775691999
SNN,noise_0.08,1011,0.08,0,0.0,-1,40,0,6.315964964750534,0.898644459552413,1.8273436937968013,0.29429181113373487,321.45
ANN,noise_0.08,1012,0.08,0,0.0,-1,268,1,40.0672650210973,0.33251978438964774,0.547824560436414,0.39681995941635306,0.39681995941635306
SNN,noise_0.08,1012,0.08,0,0.0,-1,94,0,13.963639033074488,0.598747398362839,1.8262657864899177,0.2808489393680654,420.2659574468085
ANN,noise_0.08,1013,0.08,0,0.0,-1,269,1,40.030390219723664,0.37362729949164986,0.5911752963275044,0.45860465072514317,0.45860465072514317
SNN,noise_0.08,1013,0.08,0,0.0,-1,48,0,7.5612316520270575,0.776789219870747,1.828132460914881,0.22985719252028503,355.0
ANN,noise_0.08,1014,0.08,0,0.0,-1,269,1,40.015511949032174,0.3456837660323215,0.5390746781552993,0.43834621080484754,0.43834621080484754
SNN,noise_0.08,1014,0.08,0,0.0,-1,39,0,5.624806530169014,0.7581250406539093,1.857578910191691,0.32632759905969483,355.6666666666667
ANN,noise_0.08,1015,0.08,0,0.0,-1,265,1,40.00568616359181,0.32000032196943656,0.6442155230936177,0.4042679378745269,0.4042679378745269
SNN,noise_0.08,1015,0.08,0,0.0,-1,150,0,22.788804537980976,0.571902098338074,1.8044766073743255,0.2621115760070582,427.1933333333333
ANN,noise_0.08,1016,0.08,0,0.0,-1,266,1,40.064334930910526,0.38717956274546567,0.5851496404788055,0.45981982613684386,0.45981982613684386
SNN,noise_0.08,1016,0.08,0,0.0,-1,64,0,9.708452136893195,0.87594179963685,1.8041967371380396,0.29717150173382834,334.28125
ANN,noise_0.08,1017,0.08,0,0.0,-1,65,0,9.631517339798117,0.3726369161627717,1.8140100421221488,0.3559163383494776,0.3559163383494776
SNN,noise_0.08,1017,0.08,0,0.0,-1,177,0,26.464312478654556,0.5698142276346031,1.851489819279591,0.280897045747106,428.2768361581921
ANN,noise_0.12,1000,0.12,0,0.0,-1,266,1,40.002426246165,0.3605613562779454,0.5453518416187083,0.5154629278664575,0.5154629278664575
SNN,noise_0.12,1000,0.12,0,0.0,-1,268,0,39.7375163223807,0.271295047779611,1.8296116566672704,0.3304758821058073,484.8619402985075
ANN,noise_0.12,1001,0.12,0,0.0,-1,272,1,40.138324560606556,0.26061776125005875,0.6013341093959341,0.4983963403976625,0.4983963403976625
SNN,noise_0.12,1001,0.12,0,0.0,-1,269,1,40.08884309208673,0.39045210170762307,0.6800390884730858,0.35874265210735906,483.07063197026025
ANN,noise_0.12,1002,0.12,0,0.0,-1,267,1,40.07623686054258,0.3317920184764141,0.576504081532789,0.5345808695591916,0.5345808695591916
SNN,noise_0.12,1002,0.12,0,0.0,-1,267,1,40.13538174011698,0.4566840132267851,1.47086423955039,0.30620318065024216,446.3520599250936
ANN,noise_0.12,1003,0.12,0,0.0,-1,269,1,40.12972332728857,0.3312907727393869,0.5299583128105485,0.5235117023055992,0.5235117023055992
SNN,noise_0.12,1003,0.12,0,0.0,-1,267,1,40.05794364530412,0.22516233470517416,0.5419056762869559,0.3393089333514261,513.0749063670412
ANN,noise_0.12,1004,0.12,0,0.0,-1,266,1,40.06755001594836,0.2875500424235635,0.5810498064505367,0.47186679975129664,0.47186679975129664
SNN,noise_0.12,1004,0.12,0,0.0,-1,53,0,8.210902714054011,0.7861120529778283,1.8181420785653348,0.33514718519840037,331.1132075471698
ANN,noise_0.12,1005,0.12,0,0.0,-1,269,1,40.02670974965872,0.3823564000204399,0.7545012055871965,0.5237262698953286,0.5237262698953286
SNN,noise_0.12,1005,0.12,0,0.0,-1,267,0,39.29008790912477,0.6369838631911864,1.8242256162373933,0.3216915529880547,420.7940074906367
ANN,noise_0.12,1006,0.12,0,0.0,-1,268,1,40.017731045565746,0.26886608224314124,0.6044972368087136,0.49821021010814265,0.49821021010814265
SNN,noise_0.12,1006,0.12,0,0.0,-1,268,1,40.14931865368921,0.232765017867106,0.6850537533887558,0.3148008799597399,499.5410447761194
ANN,noise_0.12,1007,0.12,0,0.0,-1,266,1,40.08891581325628,0.32300989803528996,0.49158174352828643,0.4672444147146237,0.4672444147146237
SNN,noise_0.12,1007,0.12,0,0.0,-1,267,1,40.00715506252585,0.3822288829705018,1.4881986232933502,0.3644101714980457,469.00374531835206
ANN,noise_0.12,1008,0.12,0,0.0,-1,268,1,40.04835641823907,0.31406571615887763,0.5505581435838345,0.5377533946693667,0.5377533946693667
SNN,noise_0.12,1008,0.12,0,0.0,-1,268,1,40.05550481947666,0.37704384398130414,0.7116932306856819,0.298933220752289,471.660447761194
ANN,noise_0.12,1009,0.12,0,0.0,-1,267,1,40.01038005664177,0.3538880567807849,0.6052656512527217,0.53736712129818,0.53736712129818
SNN,noise_0.12,1009,0.12,0,0.0,-1,267,1,40.08066478003974,0.3734672243132985,0.6692244995838333,0.35001529387470026,479.6441947565543
ANN,noise_0.12,1010,0.12,0,0.0,-1,271,1,40.120961664613375,0.3652115956574391,0.7213542778276326,0.5435856867193268,0.5435856867193268
SNN,noise_0.12,1010,0.12,0,0.0,-1,123,0,18.2629928230251,0.45508023206799775,1.8347048859841155,0.30185250530201124,429.0487804878049
ANN,noise_0.12,1011,0.12,0,0.0,-1,267,1,40.12419609263414,0.42305667837774985,0.7026436002291185,0.5596906299762121,0.5596906299762121
SNN,noise_0.12,1011,0.12,0,0.0,-1,146,0,22.068328455708482,0.42807382043523917,1.8044195940130243,0.2991626180950807,440.013698630137
ANN,noise_0.12,1012,0.12,0,0.0,-1,269,1,40.045773185389656,0.31932580476936484,0.5521473070137082,0.5384857091761877,0.5384857091761877
SNN,noise_0.12,1012,0.12,0,0.0,-1,170,0,25.314194487454053,0.7833368259359904,1.8061780346195504,0.2891644835102317,348.43529411764706
ANN,noise_0.12,1013,0.12,0,0.0,-1,270,1,40.13304950869452,0.42890590068736967,0.8566214788260651,0.5537311257315903,0.5537311257315903
SNN,noise_0.12,1013,0.12,0,0.0,-1,62,0,9.51418904690238,0.5791666328451162,1.8066215238905001,0.2901494193581804,426.48387096774195
ANN,noise_0.12,1014,0.12,0,0.0,-1,270,1,40.101355726890844,0.271523685428616,0.5021347762974699,0.49320569388326946,0.49320569388326946
SNN,noise_0.12,1014,0.12,0,0.0,-1,270,1,40.129945750508526,0.3136953601611322,0.6867272939009007,0.32955067758707124,495.7814814814815
ANN,noise_0.12,1015,0.12,0,0.0,-1,266,1,40.05524710376919,0.2873619901119244,0.5286327938306953,0.4645184060905297,0.4645184060905297
SNN,noise_0.12,1015,0.12,0,0.0,-1,266,1,40.06320544963519,0.43050780357729423,0.6918232138772289,0.3344131138655392,468.6353383458647
ANN,noise_0.12,1016,0.12,0,0.0,-1,266,1,40.078620165072884,0.3271795240546287,0.5320195569490167,0.48680621990233774,0.48680621990233774
SNN,noise_0.12,1016,0.12,0,0.0,-1,138,0,21.00690500019243,0.492155002338128,1.80248920466326,0.31582286908182455,436.0072463768116
ANN,noise_0.12,1017,0.12,0,0.0,-1,271,1,40.13384295221621,0.3608646172028136,0.5665791456790945,0.5232481456540415,0.5232481456540415
SNN,noise_0.12,1017,0.12,0,0.0,-1,269,1,40.033394995788825,0.34260171268007267,0.6687094793819417,0.3261089741674747,487.0743494423792
ANN,delay_2,1000,0.0,2,0.0,-1,31,0,4.767087821331444,0.7584747996308391,1.836756165324279,0.20677630314903875,0.20677630314903875
SNN,delay_2,1000,0.0,2,0.0,-1,26,0,3.9853534519897367,0.8144889509965885,1.8298251552732128,0.23856916980674633,376.84615384615387
ANN,delay_2,1001,0.0,2,0.0,-1,33,0,5.018379817465745,0.7751993217693732,1.8920759254003157,0.2382376722314141,0.2382376722314141
SNN,delay_2,1001,0.0,2,0.0,-1,28,0,4.311845637158454,0.7777024362425335,1.8046301079545035,0.2702850529125759,391.64285714285717
ANN,delay_2,1002,0.0,2,0.0,-1,31,0,4.63535154646123,0.7757573162137373,1.8874226034908907,0.2026079444274787,0.2026079444274787
SNN,delay_2,1002,0.0,2,0.0,-1,26,0,3.8435083553538263,0.8453992665896959,1.8864481304635718,0.24328422639518976,370.8076923076923
ANN,delay_2,1003,0.0,2,0.0,-1,31,0,4.871178924896244,0.7774647955073001,1.8715152601673155,0.20344561140143103,0.20344561140143103
SNN,delay_2,1003,0.0,2,0.0,-1,24,0,3.7806475273985605,0.860430174108548,1.8526805407965903,0.2537404236694177,367.7083333333333
ANN,delay_2,1004,0.0,2,0.0,-1,31,0,4.66466804480941,0.7585040711456004,1.838158169791821,0.20712044829082105,0.20712044829082105
SNN,delay_2,1004,0.0,2,0.0,-1,27,0,4.023147074143035,0.8132442515160082,1.8605315775850828,0.24783813346315314,385.77777777777777
ANN,delay_2,1005,0.0,2,0.0,-1,31,0,4.826320703816587,0.7735025199998838,1.876215914785189,0.2004011323855769,0.2004011323855769
SNN,delay_2,1005,0.0,2,0.0,-1,26,0,4.042539179789442,0.8638155624889335,1.897497754903826,0.22971178247378424,367.8076923076923
ANN,delay_2,1006,0.0,2,0.0,-1,31,0,4.920695889225545,0.7794898326279063,1.864283198766528,0.20336882421566593,0.20336882421566593
SNN,delay_2,1006,0.0,2,0.0,-1,25,0,3.9910599943258336,0.8527870558707322,1.859217901321158,0.24600803062319757,368.68
ANN,delay_2,1007,0.0,2,0.0,-1,31,0,4.863121645939458,0.7634757629177195,1.8389222576238484,0.20690925329202606,0.20690925329202606
SNN,delay_2,1007,0.0,2,0.0,-1,28,0,4.42030622159204,0.8017442396570409,1.8196151832038683,0.21533925578530347,382.7857142857143
ANN,delay_2,1008,0.0,2,0.0,-1,31,0,4.829145427889472,0.7739993130368072,1.8653360864450441,0.20534490727849544,0.20534490727849544
SNN,delay_2,1008,0.0,2,0.0,-1,24,0,3.74903641080797,0.8288799190862823,1.807735343551729,0.2582042644886921,375.9166666666667
ANN,delay_2,1009,0.0,2,0.0,-1,31,0,4.882061682627618,0.7558244365166317,1.8102351528119098,0.2180146522098972,0.2180146522098972
SNN,delay_2,1009,0.0,2,0.0,-1,26,0,4.1286033523347685,0.8670839424117787,1.8605564764181561,0.2381811130505342,365.3076923076923
ANN,delay_2,1010,0.0,2,0.0,-1,31,0,4.929658540614563,0.7819335279430011,1.853524542389149,0.20789686001596913,0.20789686001596913
SNN,delay_2,1010,0.0,2,0.0,-1,26,0,4.1473462374857695,0.8468278967363841,1.8861767513084013,0.24289348220022824,375.53846153846155
ANN,delay_2,1011,0.0,2,0.0,-1,31,0,4.793415314692701,0.7495351422630052,1.8114879362224479,0.21192280173061356,0.21192280173061356
SNN,delay_2,1011,0.0,2,0.0,-1,24,0,3.6631456657434307,0.8798891921567269,1.8887303702102842,0.2716780786092083,365.125
ANN,delay_2,1012,0.0,2,0.0,-1,32,0,4.891209984296066,0.7655189064582131,1.8572117934125931,0.22829094564076513,0.22829094564076513
SNN,delay_2,1012,0.0,2,0.0,-1,30,0,4.63349516328012,0.7870480307272226,1.8183371959771322,0.22321137096732854,394.03333333333336
ANN,delay_2,1013,0.0,2,0.0,-1,31,0,4.933365261217635,0.7751732366243023,1.830402017053866,0.2196866600744186,0.2196866600744186
SNN,delay_2,1013,0.0,2,0.0,-1,31,0,4.900840830533729,0.7444272821394173,1.8363788092478541,0.22568347043688258,401.0967741935484
ANN,delay_2,1014,0.0,2,0.0,-1,32,0,4.547389723830426,0.7606913938063228,1.833916651839886,0.22296927240677178,0.22296927240677178
SNN,delay_2,1014,0.0,2,0.0,-1,29,0,4.08880474881793,0.7837002485332097,1.8373627994245938,0.254173478689687,389.6896551724138
ANN,delay_2,1015,0.0,2,0.0,-1,31,0,4.845986215046887,0.7600410655102385,1.8327763763300904,0.20806936360895634,0.20806936360895634
SNN,delay_2,1015,0.0,2,0.0,-1,25,0,3.8947950106224325,0.8641330652571406,1.8800146880295558,0.2501813185214996,371.36
ANN,delay_2,1016,0.0,2,0.0,-1,31,0,4.520078072479076,0.7497120046134936,1.8050388321689752,0.2152576586532016,0.2152576586532016
SNN,delay_2,1016,0.0,2,0.0,-1,28,0,4.010257131778307,0.7842184596995,1.8539908704529295,0.23763904893504723,392.0
ANN,delay_2,1017,0.0,2,0.0,-1,32,0,5.024670766528232,0.7746645662806082,1.8510923332155222,0.2315468120505102,0.2315468120505102
SNN,delay_2,1017,0.0,2,0.0,-1,25,0,3.975731157884285,0.8103020210061602,1.804641713415998,0.28087784856557846,385.96
ANN,delay_4,1000,0.0,4,0.0,-1,32,0,4.8831586555235535,0.7823010832256347,1.9149234227112668,0.2233288079733029,0.2233288079733029
SNN,delay_4,1000,0.0,4,0.0,-1,25,0,3.8179527404352473,0.8096153574013017,1.8166495889900278,0.26954106740653516,403.52
ANN,delay_4,1001,0.0,4,0.0,-1,33,0,5.036829897271936,0.7556708987537972,1.8404008889932022,0.26019646419268666,0.26019646419268666
SNN,delay_4,1001,0.0,4,0.0,-1,28,0,4.262622320998287,0.8149570892547385,1.8967668803783932,0.28784589216645273,408.0
ANN,delay_4,1002,0.0,4,0.0,-1,31,0,4.66746370344016,0.7564837448664625,1.8288193521288492,0.22170530223558027,0.22170530223558027
SNN,delay_4,1002,0.0,4,0.0,-1,28,0,4.147224140978781,0.7677981596956653,1.8485372083595568,0.24240753314058697,410.7142857142857
ANN,delay_4,1003,0.0,4,0.0,-1,31,0,4.8915057421443,0.7580525452258201,1.8136176331249008,0.22506206662904832,0.22506206662904832
SNN,delay_4,1003,0.0,4,0.0,-1,25,0,3.8937606947304317,0.8529735331017457,1.9044808684807588,0.2784541654586792,392.56
ANN,delay_4,1004,0.0,4,0.0,-1,31,0,4.682406000840255,0.7461488627514308,1.8005651708154387,0.22994097069867195,0.22994097069867195
SNN,delay_4,1004,0.0,4,0.0,-1,32,0,4.743397569713092,0.7259986577944415,1.891701989198165,0.24224929313641042,429.25
ANN,delay_4,1005,0.0,4,0.0,-1,31,0,4.84732963079892,0.7558103407817246,1.8229594605899229,0.22138229817632707,0.22138229817632707
SNN,delay_4,1005,0.0,4,0.0,-1,24,0,3.686483165970418,0.8611229393805333,1.8901678474616452,0.2835664958693087,388.9583333333333
ANN,delay_4,1006,0.0,4,0.0,-1,31,0,4.935500167131965,0.7635820815783239,1.815123692186197,0.22530412457643018,0.22530412457643018
SNN,delay_4,1006,0.0,4,0.0,-1,25,0,3.9681884047732248,0.800994654076988,1.8202228274336232,0.2906007695198059,405.2
ANN,delay_4,1007,0.0,4,0.0,-1,32,0,4.984457052981949,0.7870574073792309,1.9162390512532403,0.22356893663527444,0.22356893663527444
SNN,delay_4,1007,0.0,4,0.0,-1,25,0,3.891078394778691,0.7895160695941977,1.8150271799625424,0.2858680996671319,409.08
ANN,delay_4,1008,0.0,4,0.0,-1,31,0,4.851467932007423,0.7539035649184008,1.8064426169158816,0.2273873706017771,0.2273873706017771
SNN,delay_4,1008,0.0,4,0.0,-1,26,0,3.9986071761086177,0.8142750427662488,1.8882320866033246,0.2971708793193102,399.38461538461536
ANN,delay_4,1009,0.0,4,0.0,-1,32,0,5.0032284642707925,0.7822146463090008,1.8917238013661204,0.23393031943123788,0.23393031943123788
SNN,delay_4,1009,0.0,4,0.0,-1,26,0,4.071087241693649,0.8384719930836616,1.8901521733600462,0.27077082286660487,399.15384615384613
ANN,delay_4,1010,0.0,4,0.0,-1,31,0,4.942260608829577,0.7663554633847054,1.8066851859132482,0.23083863491492887,0.23083863491492887
SNN,delay_4,1010,0.0,4,0.0,-1,24,0,3.839515462255982,0.8256341012525867,1.8173455626700805,0.28539757647862035,391.0
ANN,delay_4,1011,0.0,4,0.0,-1,32,0,4.912039292255278,0.7740624682385738,1.8886405292322022,0.22777485963888466,0.22777485963888466
SNN,delay_4,1011,0.0,4,0.0,-1,28,0,4.301572201675402,0.7839646530532626,1.8394650737914047,0.2515096277264612,403.2857142857143
ANN,delay_4,1012,0.0,4,0.0,-1,32,0,4.912780271059697,0.7462490725969746,1.802568399663273,0.2516166144050658,0.2516166144050658
SNN,delay_4,1012,0.0,4,0.0,-1,28,0,4.2756350654317865,0.8286684782123529,1.8937704917395957,0.2652535484604804,403.2857142857143
ANN,delay_4,1013,0.0,4,0.0,-1,32,0,5.061448402326272,0.7959029682669212,1.8969856764629245,0.23652483674231917,0.23652483674231917
SNN,delay_4,1013,0.0,4,0.0,-1,27,0,4.28310969703946,0.8114112135578628,1.8797865307604233,0.2671186109935796,408.0740740740741
ANN,delay_4,1014,0.0,4,0.0,-1,33,0,4.644652885981772,0.7841530901683188,1.9111324742176046,0.2392290990912553,0.2392290990912553
SNN,delay_4,1014,0.0,4,0.0,-1,27,0,3.8019152261097817,0.8113580744013028,1.8278247074208978,0.2761939548783832,407.0
ANN,delay_4,1015,0.0,4,0.0,-1,32,0,4.96538388624222,0.7845259102326888,1.912391726699422,0.22471842443337664,0.22471842443337664
SNN,delay_4,1015,0.0,4,0.0,-1,29,0,4.482822175602047,0.7641545743522251,1.8613960269087477,0.26154533195598373,417.58620689655174
ANN,delay_4,1016,0.0,4,0.0,-1,32,0,4.6192722424456845,0.7789886361489624,1.893686536727232,0.23056978115346283,0.23056978115346283
SNN,delay_4,1016,0.0,4,0.0,-1,26,0,3.689131966815758,0.8316683317570364,1.8744358255926337,0.28034451335238725,394.03846153846155
ANN,delay_4,1017,0.0,4,0.0,-1,32,0,5.0317187553859775,0.7645308346253512,1.8203689189668253,0.255592932109721,0.255592932109721
SNN,delay_4,1017,0.0,4,0.0,-1,27,0,4.254064256911823,0.8275359410995398,1.8820053440445634,0.2862460301430137,402.0
ANN,dropout_0.10,1000,0.0,0,0.1,-1,93,0,14.115715827066769,0.5656525324674917,1.8867604650555023,0.4307382848284017,0.4307382848284017
SNN,dropout_0.10,1000,0.0,0,0.1,-1,78,0,11.784568269879726,0.3028484336357697,1.8039608332784483,0.2604365505827352,445.2692307692308
ANN,dropout_0.10,1001,0.0,0,0.1,-1,27,0,4.167026403510144,0.8065930587932307,1.8195949915798926,0.3203986594798388,0.3203986594798388
SNN,dropout_0.10,1001,0.0,0,0.1,-1,29,0,4.510837612927016,0.8574837575803471,1.8583599412499292,0.22369348745921563,339.0689655172414
ANN,dropout_0.10,1002,0.0,0,0.1,-1,36,0,5.496964771731883,0.7652187469230011,1.8524087575037165,0.3415572234532899,0.3415572234532899
SNN,dropout_0.10,1002,0.0,0,0.1,-1,27,0,4.008418163261037,0.7711944664581667,1.822684215683204,0.2739465146980904,347.55555555555554
ANN,dropout_0.10,1003,0.0,0,0.1,-1,25,0,3.946673974859234,0.8323565880064424,1.8267143596557536,0.3074815857410431,0.3074815857410431
SNN,dropout_0.10,1003,0.0,0,0.1,-1,26,0,4.107772267973853,0.8642942135491942,1.8789323774738704,0.24188416050030634,329.11538461538464
ANN,dropout_0.10,1004,0.0,0,0.1,-1,26,0,3.8668868964822254,0.8162429587596882,1.8407686406905057,0.30034530048186964,0.30034530048186964
SNN,dropout_0.10,1004,0.0,0,0.1,-1,28,0,4.223158852993663,0.8368223359029981,1.8565588166062348,0.20364965950804098,338.89285714285717
ANN,dropout_0.10,1005,0.0,0,0.1,-1,37,0,5.801579087649523,0.737035311363567,1.84396603685864,0.33896360986840884,0.33896360986840884
SNN,dropout_0.10,1005,0.0,0,0.1,-1,27,0,4.20490084194369,0.8002014688396928,1.8404329363627718,0.24718223567362185,361.22222222222223
ANN,dropout_0.10,1006,0.0,0,0.1,-1,47,0,6.552170931861755,0.48435531749725713,1.8418283899007823,0.27473023898176296,0.27473023898176296
SNN,dropout_0.10,1006,0.0,0,0.1,-1,34,0,5.3628039107596095,0.7392242866326846,1.8830517076929212,0.2405501750900465,375.0882352941176
ANN,dropout_0.10,1007,0.0,0,0.1,-1,42,0,6.492286947758673,0.6556935426131574,1.8614188894645847,0.3491847247683576,0.3491847247683576
SNN,dropout_0.10,1007,0.0,0,0.1,-1,31,0,4.908228416147077,0.7753075316585422,1.804452797689501,0.22103134290345253,353.51612903225805
ANN,dropout_0.10,1008,0.0,0,0.1,-1,51,0,7.319418966819686,0.4446278680042753,1.8621060640487361,0.30571974567411575,0.30571974567411575
SNN,dropout_0.10,1008,0.0,0,0.1,-1,24,0,3.7446470397897,0.9019677239078502,1.8866752586162212,0.24682016127432385,323.375
ANN,dropout_0.10,1009,0.0,0,0.1,-1,36,0,5.7036959023368885,0.7673972492651272,1.801601889828508,0.29772220481633366,0.29772220481633366
SNN,dropout_0.10,1009,0.0,0,0.1,-1,31,0,4.84650086858259,0.7315382448960445,1.8256667540200402,0.251336854878783,357.61290322580646
ANN,dropout_0.10,1010,0.0,0,0.1,-1,21,0,3.336049040154301,0.8974931466419023,1.8648014762075151,0.3155139082421859,0.3155139082421859
SNN,dropout_0.10,1010,0.0,0,0.1,-1,25,0,3.9959935721572606,0.8187954220507728,1.8257884399141457,0.29014323472976683,345.12
ANN,dropout_0.10,1011,0.0,0,0.1,-1,32,0,4.979069706295616,0.7969200371428389,1.8458120697718854,0.3510115359677002,0.3510115359677002
SNN,dropout_0.10,1011,0.0,0,0.1,-1,24,0,3.7087988363254887,0.9025279061068915,1.8653053823042072,0.24072245446344218,323.9583333333333
ANN,dropout_0.10,1012,0.0,0,0.1,-1,30,0,4.621961140391298,0.8290375382598854,1.8800983453825402,0.29726499573638043,0.29726499573638043
SNN,dropout_0.10,1012,0.0,0,0.1,-1,27,0,4.164361554319919,0.8274884491696722,1.8385440913093525,0.2381966276853173,342.7037037037037
ANN,dropout_0.10,1013,0.0,0,0.1,-1,27,0,4.349914324534509,0.865154404691652,1.8695059585189069,0.22091506345680467,0.22091506345680467
SNN,dropout_0.10,1013,0.0,0,0.1,-1,31,0,4.963215705494928,0.7988572697562686,1.8319842768954981,0.2094186808192922,353.93548387096774
ANN,dropout_0.10,1014,0.0,0,0.1,-1,36,0,5.159718187585507,0.7813972639724519,1.8641380377234456,0.3929321873519156,0.3929321873519156
SNN,dropout_0.10,1014,0.0,0,0.1,-1,30,0,4.277187871258152,0.7816814373919707,1.8095878435501067,0.26553887987198926,371.43333333333334
ANN,dropout_0.10,1015,0.0,0,0.1,-1,27,0,4.266525086209704,0.8906799295230554,1.8737654680141298,0.2570773268601409,0.2570773268601409
SNN,dropout_0.10,1015,0.0,0,0.1,-1,25,0,3.9468375820447124,0.8650017678094257,1.8225007175148475,0.22224508509039878,331.08
ANN,dropout_0.10,1016,0.0,0,0.1,-1,35,0,5.130076108463901,0.7668043011580822,1.8707821514907215,0.2935480160372598,0.2935480160372598
SNN,dropout_0.10,1016,0.0,0,0.1,-1,51,0,7.477310129843161,0.4923152522498021,1.8075045054305607,0.25328636014213163,434.1764705882353
ANN,dropout_0.10,1017,0.0,0,0.1,-1,92,0,13.91589133138678,0.4085612995522973,1.882266559497026,0.39692467896510725,0.39692467896510725
SNN,dropout_0.10,1017,0.0,0,0.1,-1,26,0,4.1860572488909575,0.8823872799253241,1.8373475514598994,0.25206486279001605,326.7692307692308
ANN,dropout_0.20,1000,0.0,0,0.2,-1,33,0,5.026722214150096,0.6987866247929166,1.8527410556160373,0.44338634023160645,0.44338634023160645
SNN,dropout_0.20,1000,0.0,0,0.2,-1,22,0,3.3555112621076275,0.8914467721450218,1.8251716626339578,0.27192809771407733,311.1818181818182
ANN,dropout_0.20,1001,0.0,0,0.2,-1,39,0,5.627966653785323,0.5336780216520735,1.8710858658928016,0.34076075657055926,0.34076075657055926
SNN,dropout_0.20,1001,0.0,0,0.2,-1,40,0,6.027360682843096,0.6498983291514129,1.8292107240261966,0.2732447389513254,388.6
ANN,dropout_0.20,1002,0.0,0,0.2,-1,82,0,12.50308657327664,0.6118924202092683,1.8345043873903322,0.5445372127223669,0.5445372127223669
SNN,dropout_0.20,1002,0.0,0,0.2,-1,25,0,3.7205285821571126,0.8934133776191789,1.8807616476702653,0.2188376323878765,321.08
ANN,dropout_0.20,1003,0.0,0,0.2,-1,45,0,6.98920212010318,0.7065973772521867,1.8681260729091662,0.5012673132949406,0.5012673132949406
SNN,dropout_0.20,1003,0.0,0,0.2,-1,29,0,4.536926772193732,0.7594790594855602,1.855604178192522,0.26278675720095634,350.0344827586207
ANN,dropout_0.20,1004,0.0,0,0.2,-1,31,0,4.7045387690728715,0.7749770576380642,1.8130440279996702,0.3361136120774092,0.3361136120774092
SNN,dropout_0.20,1004,0.0,0,0.2,-1,32,0,4.811745131834219,0.7327741608965841,1.8440201033440533,0.25866060532280244,344.625
ANN,dropout_0.20,1005,0.0,0,0.2,-1,24,0,3.7369463871083823,0.8989160741172407,1.8797481555001203,0.3377475112987061,0.3377475112987061
SNN,dropout_0.20,1005,0.0,0,0.2,-1,29,0,4.540839539670183,0.8041327140698032,1.8571863094361398,0.23012737928817434,334.2758620689655
ANN,dropout_0.20,1006,0.0,0,0.2,-1,40,0,6.281902826490392,0.6929981755576782,1.8099684789875978,0.49375374903902414,0.49375374903902414
SNN,dropout_0.20,1006,0.0,0,0.2,-1,37,0,5.883189592360967,0.729570498395251,1.81610077127985,0.20058290494253506,362.4054054054054
ANN,dropout_0.20,1007,0.0,0,0.2,-1,49,0,7.076920565188806,0.48718339592610865,1.8166533274313272,0.454161805784976,0.454161805784976
SNN,dropout_0.20,1007,0.0,0,0.2,-1,27,0,4.267819933829808,0.8178218816436621,1.8207397003558672,0.2203417462469251,302.77777777777777
ANN,dropout_0.20,1008,0.0,0,0.2,-1,37,0,5.214727301789458,0.5359996793714662,1.814528441475683,0.4296207964369977,0.4296207964369977
SNN,dropout_0.20,1008,0.0,0,0.2,-1,29,0,4.537408287688842,0.7816035382996143,1.8295244985400743,0.2540211644152115,338.7241379310345
ANN,dropout_0.20,1009,0.0,0,0.2,-1,34,0,5.409333451524874,0.8198980824938488,1.8124926317803283,0.43231394043301835,0.43231394043301835
SNN,dropout_0.20,1009,0.0,0,0.2,-1,27,0,4.30908897989834,0.8464405327689275,1.8211764744812329,0.21034632416235077,327.6296296296296
ANN,dropout_0.20,1010,0.0,0,0.2,-1,30,0,4.790896307846315,0.8152668496911671,1.871856950859013,0.3791982138218979,0.3791982138218979
SNN,dropout_0.20,1010,0.0,0,0.2,-1,33,0,5.253526450202182,0.7807746648669834,1.8668157590333267,0.23195434485872587,354.93939393939394
ANN,dropout_0.20,1011,0.0,0,0.2,-1,22,0,3.398877714953598,0.9390130673776285,1.8498927984522058,0.35246239035305654,0.35246239035305654
SNN,dropout_0.20,1011,0.0,0,0.2,-1,35,0,5.317086747428382,0.6356718707229732,1.8264389177241618,0.22639840324409305,358.0571428571429
ANN,dropout_0.20,1012,0.0,0,0.2,-1,51,0,7.633048742120527,0.5532586486175982,1.8077111595777031,0.45048004527594526,0.45048004527594526
SNN,dropout_0.20,1012,0.0,0,0.2,-1,37,0,5.653603176597194,0.7374356170139142,1.877388497842507,0.2412041255046387,366.0
ANN,dropout_0.20,1013,0.0,0,0.2,-1,37,0,5.899416372212956,0.7948246689680614,1.8014850046236144,0.35447569150867797,0.35447569150867797
SNN,dropout_0.20,1013,0.0,0,0.2,-1,26,0,4.208425575527161,0.9096549903017149,1.887342963050904,0.21740605882727182,318.1923076923077
ANN,dropout_0.20,1014,0.0,0,0.2,-1,46,0,7.043561312599793,0.5335901681494315,1.8899414519338058,0.48646248694833205,0.48646248694833205
SNN,dropout_0.20,1014,0.0,0,0.2,-1,30,0,4.211799173999161,0.7404083316290418,1.8247930743884697,0.2821703573067983,353.93333333333334
ANN,dropout_0.20,1015,0.0,0,0.2,-1,33,0,5.106178651367662,0.7529350699026728,1.8442173802397333,0.4403390319397052,0.4403390319397052
SNN,dropout_0.20,1015,0.0,0,0.2,-1,23,0,3.579468203283913,0.9038652139280121,1.878818982496029,0.27164507487221906,305.7391304347826
ANN,dropout_0.20,1016,0.0,0,0.2,-1,32,0,4.745323005426011,0.8258391526468629,1.8029237809472412,0.3994967229082249,0.3994967229082249
SNN,dropout_0.20,1016,0.0,0,0.2,-1,30,0,4.314756936326334,0.7516546831867749,1.852992576575391,0.24386259509871402,351.5
ANN,dropout_0.20,1017,0.0,0,0.2,-1,37,0,5.725225977251902,0.7261939622332326,1.8831504131734929,0.37855785249455554,0.37855785249455554
SNN,dropout_0.20,1017,0.0,0,0.2,-1,53,0,7.747145733180215,0.48549558004947296,1.8666459045732693,0.23092821412631925,402.3207547169811
ANN,dead_center,1000,0.0,0,0.0,4,265,1,40.0741866488306,0.17192145790444405,0.2452640930187317,0.02123895669114372,0.02123895669114372
SNN,dead_center,1000,0.0,0,0.0,4,265,1,40.08813526606516,0.03686584920124811,0.2464334341600029,0.1621030331786968,385.55849056603773
ANN,dead_center,1001,0.0,0,0.0,4,268,1,40.097907727845765,0.18531715625846512,0.24518396448863944,0.046700468458237,0.046700468458237
SNN,dead_center,1001,0.0,0,0.0,4,268,1,40.13418937909329,0.03303892081112616,0.24243272795005433,0.16003273475160232,382.1641791044776
ANN,dead_center,1002,0.0,0,0.0,4,265,1,40.09669021535909,0.17256178212071696,0.24523914651690015,0.024338018483666807,0.024338018483666807
SNN,dead_center,1002,0.0,0,0.0,4,265,1,40.096150532325765,0.034344910663673206,0.24506309908814616,0.17388418619696683,383.66037735849056
ANN,dead_center,1003,0.0,0,0.0,4,266,1,40.01213011731416,0.1780743738746492,0.2452500544727389,0.031372466216829285,0.031372466216829285
SNN,dead_center,1003,0.0,0,0.0,4,266,1,40.04342224111514,0.034682886065334186,0.24432341514614508,0.17562436718752789,383.4548872180451
ANN,dead_center,1004,0.0,0,0.0,4,264,1,40.01660889692841,0.17017342929237506,0.2452502005826646,0.021601321672002967,0.021601321672002967
SNN,dead_center,1004,0.0,0,0.0,4,264,1,40.024154479976886,0.036061158855420467,0.24660131271391417,0.17518983010913045,385.0
ANN,dead_center,1005,0.0,0,0.0,4,267,1,40.068403452985926,0.18116436139894077,0.24526180949806659,0.028002331567028266,0.028002331567028266
SNN,dead_center,1005,0.0,0,0.0,4,267,1,40.09177798421346,0.03669894359286418,0.24773833274722978,0.16279150157240796,384.5093632958802
ANN,dead_center,1006,0.0,0,0.0,4,267,1,40.124595933906974,0.17758940034535756,0.24520948499270423,0.023739612349553196,0.023739612349553196
SNN,dead_center,1006,0.0,0,0.0,4,266,1,40.01569480784599,0.034080243615409754,0.24732739383111302,0.1697377724633412,383.87593984962405
ANN,dead_center,1007,0.0,0,0.0,4,265,1,40.02384803100521,0.17260129669556964,0.24523947409184021,0.017176513036027692,0.017176513036027692
SNN,dead_center,1007,0.0,0,0.0,4,265,1,40.05473525396503,0.03479288700703922,0.245691987446079,0.1779825613305702,385.6075471698113
ANN,dead_center,1008,0.0,0,0.0,4,261,0,38.405336799751474,0.24860448995956458,1.8513532439955644,0.05412829838116864,0.05412829838116864
SNN,dead_center,1008,0.0,0,0.0,4,267,1,40.105680107762545,0.03136793318239115,0.24429639397743197,0.17925199115786647,383.5543071161049
ANN,dead_center,1009,0.0,0,0.0,4,265,1,40.03597146517292,0.17132699527117615,0.24520076911904046,0.023620902722424668,0.023620902722424668
SNN,dead_center,1009,0.0,0,0.0,4,265,1,40.0722211778593,0.03922878562570375,0.2460749086687423,0.174687549222331,383.4339622641509
ANN,dead_center,1010,0.0,0,0.0,4,267,1,40.12666864578821,0.17759742304875453,0.24519978150629668,0.03679915859358741,0.03679915859358741
SNN,dead_center,1010,0.0,0,0.0,4,266,1,40.024255027531915,0.03481813363190487,0.24745955271931303,0.16866168771831921,383.68045112781954
ANN,dead_center,1011,0.0,0,0.0,4,265,1,40.128812596092786,0.16985066184828937,0.24525630359841888,0.01844605447313713,0.01844605447313713
SNN,dead_center,1011,0.0,0,0.0,4,264,1,40.00035171483249,0.03471783993510408,0.24330891391878207,0.1517198592270936,386.6515151515151
ANN,dead_center,1012,0.0,0,0.0,4,267,1,40.07728264271827,0.18158238666112772,0.24523386406896192,0.03936827774569462,0.03936827774569462
SNN,dead_center,1012,0.0,0,0.0,4,267,1,40.10372036273507,0.03307944443874034,0.2445487163007199,0.17651203267227453,383.3707865168539
ANN,dead_center,1013,0.0,0,0.0,4,267,1,40.00342233058313,0.18100776570901558,0.24514175776690816,0.0367293707146318,0.0367293707146318
SNN,dead_center,1013,0.0,0,0.0,4,267,1,40.05600188162298,0.033437374562030234,0.24575857262154777,0.17903724198895837,383.4906367041198
ANN,dead_center,1014,0.0,0,0.0,4,257,0,38.596607762732134,0.25254001459864484,1.8171659339709347,0.06096923910749529,0.06096923910749529
SNN,dead_center,1014,0.0,0,0.0,4,268,1,40.1453290611196,0.03585093984057304,0.2422154462870425,0.15242064163981894,382.1529850746269
ANN,dead_center,1015,0.0,0,0.0,4,265,1,40.055956705876184,0.1712476857928748,0.24524438802750942,0.01996216242682663,0.01996216242682663
SNN,dead_center,1015,0.0,0,0.0,4,265,1,40.080471568775344,0.03295738853721502,0.2441396896331544,0.17629840297773833,384.54716981132077
ANN,dead_center,1016,0.0,0,0.0,4,265,1,40.11472256418495,0.17297967255218524,0.24522097006514165,0.029034420431543247,0.029034420431543247
SNN,dead_center,1016,0.0,0,0.0,4,265,1,40.09875635082805,0.033877941594827266,0.24185410031725663,0.18016588517095683,384.4943396226415
ANN,dead_center,1017,0.0,0,0.0,4,259,0,37.88484429549957,0.25046873870792724,1.804639111781428,0.06107140970418615,0.06107140970418615
SNN,dead_center,1017,0.0,0,0.0,4,268,1,40.02821729105675,0.03528488920970644,0.24194211982631053,0.16906810748050294,382.3544776119403
